[{"id":"6285737134572@s.whatsapp.net","crystal":-4762},{"id":"6289670277101@s.whatsapp.net","crystal":0},{"id":"6282348181097@s.whatsapp.net","crystal":0},{"id":"51903476362@s.whatsapp.net","crystal":0},{"id":"6287883818113@s.whatsapp.net","crystal":0},{"id":"6281338982321@s.whatsapp.net","crystal":0},{"id":"6281342920552@s.whatsapp.net","crystal":0},{"id":"6281385780890@s.whatsapp.net","crystal":0},{"id":"6288802786878@s.whatsapp.net","crystal":0},{"id":"62857914589968@s.whatsapp.net","crystal":0},{"id":"6287834993722@s.whatsapp.net","crystal":0},{"id":"6289662573010@s.whatsapp.net","crystal":0},{"id":"16017518426@s.whatsapp.net","crystal":0},{"id":"6285233092047@s.whatsapp.net","crystal":0},{"id":"62859162527173@s.whatsapp.net","crystal":0},{"id":"","crystal":-739},{"id":"6285793367654@s.whatsapp.net","crystal":0},{"id":"6285862758402@s.whatsapp.net","crystal":0},{"id":"6283865730342@s.whatsapp.net","crystal":0},{"id":"6285877158076@s.whatsapp.net","crystal":0},{"id":"6283812303205@s.whatsapp.net","crystal":0},{"id":"6289630610337@s.whatsapp.net","crystal":0},{"id":"6283853704568@s.whatsapp.net","crystal":0},{"id":"6282232380207@s.whatsapp.net","crystal":0},{"id":"6285737337635@s.whatsapp.net","crystal":0},{"id":"6285738997731@s.whatsapp.net","crystal":0},{"id":"62895710073737@s.whatsapp.net","crystal":0},{"id":"6281259768717@s.whatsapp.net","crystal":0},{"id":"6287834324804@s.whatsapp.net","crystal":0},{"id":"6281367018755@s.whatsapp.net","crystal":0},{"id":"436508448617888@s.whatsapp.net","crystal":0},{"id":"6288298377330@s.whatsapp.net","crystal":0},{"id":"6289507012929@s.whatsapp.net","crystal":0},{"id":"6289512148135@s.whatsapp.net","crystal":0},{"id":"628889271602@s.whatsapp.net","crystal":0},{"id":"6283181719252@s.whatsapp.net","crystal":0},{"id":"6285813669865@s.whatsapp.net","crystal":0},{"id":"6281239199485@s.whatsapp.net","crystal":0},{"id":"6282160706509@s.whatsapp.net","crystal":0},{"id":"6281915320489@s.whatsapp.net","crystal":0},{"id":"436508888856880@s.whatsapp.net","crystal":0},{"id":"6282122249460@s.whatsapp.net","crystal":0},{"id":"6282154322470@s.whatsapp.net","crystal":0},{"id":"6281946451738@s.whatsapp.net","crystal":0},{"id":"6281293924545@s.whatsapp.net","crystal":0},{"id":"6281315042408@s.whatsapp.net","crystal":0},{"id":"6285224091004@s.whatsapp.net","crystal":0},{"id":"6288231569083@s.whatsapp.net","crystal":0},{"id":"6283193374807@s.whatsapp.net","crystal":0},{"id":"6285703270622@s.whatsapp.net","crystal":0},{"id":"62895360742933@s.whatsapp.net","crystal":0},{"id":"994401073537@s.whatsapp.net","crystal":0},{"id":"628813975210@s.whatsapp.net","crystal":0},{"id":"6285785425586@s.whatsapp.net","crystal":0},{"id":"6281261786176@s.whatsapp.net","crystal":0},{"id":"6281349649275@s.whatsapp.net","crystal":0},{"id":"6289653872530@s.whatsapp.net","crystal":0},{"id":"6281220951879@s.whatsapp.net","crystal":0},{"id":"60167884852@s.whatsapp.net","crystal":0},{"id":"62895333267391@s.whatsapp.net","crystal":0},{"id":"6288239152542@s.whatsapp.net","crystal":0},{"id":"6283898135590@s.whatsapp.net","crystal":0},{"id":"6282232981944@s.whatsapp.net","crystal":0},{"id":"6285848103967@s.whatsapp.net","crystal":0},{"id":"6281241093654@s.whatsapp.net","crystal":0},{"id":"6288805233854@s.whatsapp.net","crystal":0},{"id":"6283164104566@s.whatsapp.net","crystal":0},{"id":"62858632568192@s.whatsapp.net","crystal":0},{"id":"6289646731850@s.whatsapp.net","crystal":0},{"id":"6285809440506@s.whatsapp.net","crystal":0},{"id":"6287776761378@s.whatsapp.net","crystal":0},{"id":"6281802555768@s.whatsapp.net","crystal":0},{"id":"628872022127@s.whatsapp.net","crystal":0},{"id":"6281280083447@s.whatsapp.net","crystal":0},{"id":"6283105138926@s.whatsapp.net","crystal":0},{"id":"628998849645@s.whatsapp.net","crystal":0},{"id":"6281994445855@s.whatsapp.net","crystal":0},{"id":"6285869170831@s.whatsapp.net","crystal":0},{"id":"6282160273551@s.whatsapp.net","crystal":0},{"id":"6281278568009@s.whatsapp.net","crystal":0},{"id":"628985549988@s.whatsapp.net","crystal":0},{"id":"6285255947447@s.whatsapp.net","crystal":0},{"id":"6283198840344@s.whatsapp.net","crystal":0},{"id":"6281254111241@s.whatsapp.net","crystal":0},{"id":"6281391522285@s.whatsapp.net","crystal":0},{"id":"51955527130@s.whatsapp.net","crystal":0},{"id":"6281528912930@s.whatsapp.net","crystal":0},{"id":"628563513059@s.whatsapp.net","crystal":0},{"id":"6281239042511@s.whatsapp.net","crystal":0},{"id":"6282113920668@s.whatsapp.net","crystal":0},{"id":"6281237844004@s.whatsapp.net","crystal":0},{"id":"6281373283982@s.whatsapp.net","crystal":0},{"id":"6283142374762@s.whatsapp.net","crystal":0},{"id":"6287846890807@s.whatsapp.net","crystal":0},{"id":"6285362969351@s.whatsapp.net","crystal":0},{"id":"6281389805674@s.whatsapp.net","crystal":0},{"id":"6282296374835@s.whatsapp.net","crystal":0},{"id":"6289502313101@s.whatsapp.net","crystal":0},{"id":"6281385702775@s.whatsapp.net","crystal":0},{"id":"62895421983411@s.whatsapp.net","crystal":0},{"id":"6281229247713@s.whatsapp.net","crystal":0},{"id":"62895340686671@s.whatsapp.net","crystal":0},{"id":"6285821680290@s.whatsapp.net","crystal":0},{"id":"6281319470764@s.whatsapp.net","crystal":0},{"id":"601173416535@s.whatsapp.net","crystal":0},{"id":"6289636006352@s.whatsapp.net","crystal":0},{"id":"6287771745714@s.whatsapp.net","crystal":0},{"id":"6283126246124@s.whatsapp.net","crystal":0},{"id":"6289695732463@s.whatsapp.net","crystal":0},{"id":"6281345586993@s.whatsapp.net","crystal":0},{"id":"6285824505817@s.whatsapp.net","crystal":0},{"id":"6287820956368@s.whatsapp.net","crystal":0},{"id":"60178903640@s.whatsapp.net","crystal":0},{"id":"6285640068416@s.whatsapp.net","crystal":0},{"id":"6285710133103@s.whatsapp.net","crystal":0},{"id":"6282268856618@s.whatsapp.net","crystal":0},{"id":"6282359550906@s.whatsapp.net","crystal":0},{"id":"6281805088520@s.whatsapp.net","crystal":0},{"id":"6281515589573@s.whatsapp.net","crystal":0},{"id":"6281215266188@s.whatsapp.net","crystal":0},{"id":"6285746659063@s.whatsapp.net","crystal":0},{"id":"6283816463941@s.whatsapp.net","crystal":0},{"id":"6283164876723@s.whatsapp.net","crystal":0},{"id":"6281233156832@s.whatsapp.net","crystal":0},{"id":"6285715317816@s.whatsapp.net","crystal":0},{"id":"6287779676654@s.whatsapp.net","crystal":0},{"id":"6285933740098@s.whatsapp.net","crystal":0},{"id":"6289653381067@s.whatsapp.net","crystal":0},{"id":"905314569018@s.whatsapp.net","crystal":0},{"id":"6283140951878@s.whatsapp.net","crystal":0},{"id":"62895619228522@s.whatsapp.net","crystal":0},{"id":"6285319023497@s.whatsapp.net","crystal":0},{"id":"6283123450106@s.whatsapp.net","crystal":0},{"id":"62895337451584@s.whatsapp.net","crystal":0},{"id":"6285772171200@s.whatsapp.net","crystal":0},{"id":"6283861374631@s.whatsapp.net","crystal":0},{"id":"6281331207466@s.whatsapp.net","crystal":0},{"id":"6281259703430@s.whatsapp.net","crystal":0},{"id":"62895703102056@s.whatsapp.net","crystal":0},{"id":"62895399557100@s.whatsapp.net","crystal":0},{"id":"6287841775105@s.whatsapp.net","crystal":0},{"id":"6281219718139@s.whatsapp.net","crystal":0},{"id":"6281228302805@s.whatsapp.net","crystal":0},{"id":"6287821753810@s.whatsapp.net","crystal":0},{"id":"6285231660678@s.whatsapp.net","crystal":0},{"id":"6282131034227@s.whatsapp.net","crystal":0},{"id":"6283866741148@s.whatsapp.net","crystal":0},{"id":"6285868750625@s.whatsapp.net","crystal":0},{"id":"6282330993422@s.whatsapp.net","crystal":0},{"id":"6289524390119@s.whatsapp.net","crystal":0},{"id":"6285158257718@s.whatsapp.net","crystal":0},{"id":"6287861576750@s.whatsapp.net","crystal":0},{"id":"6281390059812@s.whatsapp.net","crystal":0},{"id":"6285601515734@s.whatsapp.net","crystal":0},{"id":"6285856512520@s.whatsapp.net","crystal":0},{"id":"6283839573157@s.whatsapp.net","crystal":0},{"id":"62895622977138@s.whatsapp.net","crystal":0},{"id":"62895322376205@s.whatsapp.net","crystal":0},{"id":"6289516772870@s.whatsapp.net","crystal":0},{"id":"6285320212090@s.whatsapp.net","crystal":0},{"id":"14804852169@s.whatsapp.net","crystal":0},{"id":"6287733660439@s.whatsapp.net","crystal":0},{"id":"601133199730@s.whatsapp.net","crystal":0},{"id":"6285649136798@s.whatsapp.net","crystal":0},{"id":"6285238275619@s.whatsapp.net","crystal":0},{"id":"6281295821251@s.whatsapp.net","crystal":0},{"id":"6282148162653@s.whatsapp.net","crystal":0},{"id":"6282277994920@s.whatsapp.net","crystal":0},{"id":"6281233050665@s.whatsapp.net","crystal":0},{"id":"6288299782356@s.whatsapp.net","crystal":0},{"id":"6287782559713@s.whatsapp.net","crystal":0},{"id":"6283862138080@s.whatsapp.net","crystal":0},{"id":"6282288963639@s.whatsapp.net","crystal":0},{"id":"6288802767367@s.whatsapp.net","crystal":0},{"id":"6281384226929@s.whatsapp.net","crystal":0},{"id":"6285702402048@s.whatsapp.net","crystal":0},{"id":"6285389039934@s.whatsapp.net","crystal":0},{"id":"62895347592511@s.whatsapp.net","crystal":0},{"id":"6281296870151@s.whatsapp.net","crystal":0},{"id":"6283831091160@s.whatsapp.net","crystal":0},{"id":"6281270414085@s.whatsapp.net","crystal":0},{"id":"6285829049672@s.whatsapp.net","crystal":0},{"id":"6285231368107@s.whatsapp.net","crystal":0},{"id":"6285171582300@s.whatsapp.net","crystal":0},{"id":"6285741818979@s.whatsapp.net","crystal":0},{"id":"62882000361416@s.whatsapp.net","crystal":0},{"id":"6281340123082@s.whatsapp.net","crystal":0},{"id":"6283856317812@s.whatsapp.net","crystal":0},{"id":"6282154284206@s.whatsapp.net","crystal":0},{"id":"6285642139729@s.whatsapp.net","crystal":0},{"id":"6285784504627@s.whatsapp.net","crystal":0},{"id":"2349064781021@s.whatsapp.net","crystal":0},{"id":"6285223438601@s.whatsapp.net","crystal":0},{"id":"6285783062411@s.whatsapp.net","crystal":0},{"id":"6281649514737@s.whatsapp.net","crystal":0},{"id":"6281229930136@s.whatsapp.net","crystal":0},{"id":"6287773191934@s.whatsapp.net","crystal":0},{"id":"6288905421749@s.whatsapp.net","crystal":0},{"id":"6281393664487@s.whatsapp.net","crystal":0},{"id":"62856954104023@s.whatsapp.net","crystal":0},{"id":"6282185589907@s.whatsapp.net","crystal":0},{"id":"62857371345720@s.whatsapp.net","crystal":0},{"id":"6288294744259@s.whatsapp.net","crystal":0},{"id":"6283102131202@s.whatsapp.net","crystal":0},{"id":"6285773834023@s.whatsapp.net","crystal":0},{"id":"6281330130341@s.whatsapp.net","crystal":0},{"id":"6283106561851@s.whatsapp.net","crystal":0},{"id":"6285778849525@s.whatsapp.net","crystal":0},{"id":"6287771605304@s.whatsapp.net","crystal":0},{"id":"62895413203955@s.whatsapp.net","crystal":0},{"id":"6281330369427@s.whatsapp.net","crystal":0},{"id":"6283169440354@s.whatsapp.net","crystal":0},{"id":"6287886984819@s.whatsapp.net","crystal":0},{"id":"628990374749@s.whatsapp.net","crystal":0},{"id":"6285381637976@s.whatsapp.net","crystal":0},{"id":"6285746897368@s.whatsapp.net","crystal":0},{"id":"6285706035039@s.whatsapp.net","crystal":0},{"id":"6285772762034@s.whatsapp.net","crystal":0},{"id":"6287852315705@s.whatsapp.net","crystal":0},{"id":"6285792662541@s.whatsapp.net","crystal":0},{"id":"6285976447588@s.whatsapp.net","crystal":0},{"id":"6281210959780@s.whatsapp.net","crystal":0},{"id":"62881037519348@s.whatsapp.net","crystal":0},{"id":"6281649038054@s.whatsapp.net","crystal":0},{"id":"6287722719893@s.whatsapp.net","crystal":0},{"id":"6281386636674@s.whatsapp.net","crystal":0},{"id":"628976150874@s.whatsapp.net","crystal":0},{"id":"6285795035419@s.whatsapp.net","crystal":0},{"id":"6285770367718@s.whatsapp.net","crystal":0},{"id":"6285159377860@s.whatsapp.net","crystal":0},{"id":"6282173092445@s.whatsapp.net","crystal":0},{"id":"6289665850805@s.whatsapp.net","crystal":0},{"id":"628157131943@s.whatsapp.net","crystal":0},{"id":"6289624531281@s.whatsapp.net","crystal":0},{"id":"6289604150980@s.whatsapp.net","crystal":0},{"id":"6285171003323@s.whatsapp.net","crystal":0},{"id":"6287866850771@s.whatsapp.net","crystal":0},{"id":"6282230819722@s.whatsapp.net","crystal":0},{"id":"6287794482992@s.whatsapp.net","crystal":0},{"id":"6282138129872@s.whatsapp.net","crystal":0},{"id":"6288279480287@s.whatsapp.net","crystal":0},{"id":"6285601664894@s.whatsapp.net","crystal":0},{"id":"19377173476@s.whatsapp.net","crystal":0},{"id":"6285740217259@s.whatsapp.net","crystal":0},{"id":"6285694783934@s.whatsapp.net","crystal":0},{"id":"6288987007231@s.whatsapp.net","crystal":0},{"id":"6289646633053@s.whatsapp.net","crystal":0},{"id":"6283802676820@s.whatsapp.net","crystal":0},{"id":"6283870532052@s.whatsapp.net","crystal":0},{"id":"6285870767819@s.whatsapp.net","crystal":0},{"id":"6289517144580@s.whatsapp.net","crystal":0},{"id":"6285707799443@s.whatsapp.net","crystal":0},{"id":"6281214192150@s.whatsapp.net","crystal":0},{"id":"6288806614193@s.whatsapp.net","crystal":0},{"id":"6281411189951@s.whatsapp.net","crystal":0},{"id":"6289508585962@s.whatsapp.net","crystal":0},{"id":"6281232646925@s.whatsapp.net","crystal":0},{"id":"62895620106449@s.whatsapp.net","crystal":0},{"id":"6281219119541@s.whatsapp.net","crystal":0},{"id":"6289517851233@s.whatsapp.net","crystal":0},{"id":"6289523956903@s.whatsapp.net","crystal":0},{"id":"6289637644975@s.whatsapp.net","crystal":0},{"id":"6285779440598@s.whatsapp.net","crystal":0},{"id":"6285714832998@s.whatsapp.net","crystal":0},{"id":"6281387299896@s.whatsapp.net","crystal":0},{"id":"62887435047326@s.whatsapp.net","crystal":0},{"id":"62895613015371@s.whatsapp.net","crystal":0},{"id":"6281567676804@s.whatsapp.net","crystal":0},{"id":"18593765404@s.whatsapp.net","crystal":0},{"id":"6282181716596@s.whatsapp.net","crystal":0},{"id":"6287873092394@s.whatsapp.net","crystal":0},{"id":"6282187271576@s.whatsapp.net","crystal":0},{"id":"6285770089243@s.whatsapp.net","crystal":0},{"id":"6283161084722@s.whatsapp.net","crystal":0},{"id":"6288232725096@s.whatsapp.net","crystal":0},{"id":"6285735338148@s.whatsapp.net","crystal":0},{"id":"6288212263943@s.whatsapp.net","crystal":0},{"id":"6283151340704@s.whatsapp.net","crystal":0},{"id":"6281259896312@s.whatsapp.net","crystal":0},{"id":"6283861297860@s.whatsapp.net","crystal":0},{"id":"6287820694326@s.whatsapp.net","crystal":0},{"id":"6281365987398@s.whatsapp.net","crystal":0},{"id":"6285230295258@s.whatsapp.net","crystal":0},{"id":"6289612324439@s.whatsapp.net","crystal":0},{"id":"6281218386727@s.whatsapp.net","crystal":0},{"id":"6281267875861@s.whatsapp.net","crystal":0},{"id":"62895424028673@s.whatsapp.net","crystal":0},{"id":"6283806089761@s.whatsapp.net","crystal":0},{"id":"6289678677860@s.whatsapp.net","crystal":0},{"id":"628816948138@s.whatsapp.net","crystal":0},{"id":"6283123014648@s.whatsapp.net","crystal":0},{"id":"6282194424412@s.whatsapp.net","crystal":0},{"id":"6287837151261@s.whatsapp.net","crystal":0},{"id":"62895328304004@s.whatsapp.net","crystal":0},{"id":"6285895616909@s.whatsapp.net","crystal":0},{"id":"6281288735588@s.whatsapp.net","crystal":0},{"id":"6281234577108@s.whatsapp.net","crystal":0},{"id":"6282124540110@s.whatsapp.net","crystal":0},{"id":"62812558513721@s.whatsapp.net","crystal":0},{"id":"6285751919200@s.whatsapp.net","crystal":0},{"id":"6288224874027@s.whatsapp.net","crystal":0},{"id":"62895336319587@s.whatsapp.net","crystal":0},{"id":"6285778289751@s.whatsapp.net","crystal":0},{"id":"6282278964093@s.whatsapp.net","crystal":0},{"id":"6283101248327@s.whatsapp.net","crystal":0},{"id":"6283841212213@s.whatsapp.net","crystal":0},{"id":"6285835151945@s.whatsapp.net","crystal":0},{"id":"6285881529113@s.whatsapp.net","crystal":0},{"id":"6282119820744@s.whatsapp.net","crystal":0},{"id":"6281328249183@s.whatsapp.net","crystal":0},{"id":"6281289280322@s.whatsapp.net","crystal":0},{"id":"6281908375197@s.whatsapp.net","crystal":0},{"id":"6285752728247@s.whatsapp.net","crystal":0},{"id":"6283826795590@s.whatsapp.net","crystal":0},{"id":"6285163665557@s.whatsapp.net","crystal":0},{"id":"6281292265279@s.whatsapp.net","crystal":0},{"id":"6285771008113@s.whatsapp.net","crystal":0},{"id":"6285351448716@s.whatsapp.net","crystal":0},{"id":"6281327441039@s.whatsapp.net","crystal":0},{"id":"6283104980812@s.whatsapp.net","crystal":0},{"id":"6285231833211@s.whatsapp.net","crystal":0},{"id":"6281319944917@s.whatsapp.net","crystal":0},{"id":"6285157729639@s.whatsapp.net","crystal":0},{"id":"62882006387281@s.whatsapp.net","crystal":0},{"id":"6289652700458@s.whatsapp.net","crystal":0},{"id":"6282228302341@s.whatsapp.net","crystal":0},{"id":"6283866935807@s.whatsapp.net","crystal":0},{"id":"6282387704390@s.whatsapp.net","crystal":0},{"id":"6281246639470@s.whatsapp.net","crystal":0},{"id":"6283817298755@s.whatsapp.net","crystal":0},{"id":"6281366989308@s.whatsapp.net","crystal":0},{"id":"6283853173882@s.whatsapp.net","crystal":0},{"id":"6281268161672@s.whatsapp.net","crystal":0},{"id":"6285923180605@s.whatsapp.net","crystal":0},{"id":"6281260486823@s.whatsapp.net","crystal":0},{"id":"6289514372125@s.whatsapp.net","crystal":0},{"id":"6285778572844@s.whatsapp.net","crystal":0},{"id":"17177509977@s.whatsapp.net","crystal":0},{"id":"6281255851372@s.whatsapp.net","crystal":0},{"id":"6281313312123@s.whatsapp.net","crystal":0},{"id":"6285172221113@s.whatsapp.net","crystal":0},{"id":"436703061285089@s.whatsapp.net","crystal":0},{"id":"6285849261085@s.whatsapp.net","crystal":0},{"id":"6282198571732@s.whatsapp.net","crystal":0},{"id":"6287850112908@s.whatsapp.net","crystal":0},{"id":"43650446315133@s.whatsapp.net","crystal":0},{"id":"6288272100085@s.whatsapp.net","crystal":0},{"id":"6285757306288@s.whatsapp.net","crystal":0},{"id":"6281261324817@s.whatsapp.net","crystal":0},{"id":"6289531283405@s.whatsapp.net","crystal":0},{"id":"6289503954559@s.whatsapp.net","crystal":0},{"id":"6285720317026@s.whatsapp.net","crystal":0},{"id":"6285877346651@s.whatsapp.net","crystal":0},{"id":"6283130560420@s.whatsapp.net","crystal":0},{"id":"6281362067876@s.whatsapp.net","crystal":0},{"id":"6282137061014@s.whatsapp.net","crystal":0},{"id":"6285813706287@s.whatsapp.net","crystal":0},{"id":"6282237909698@s.whatsapp.net","crystal":0},{"id":"6281217511541@s.whatsapp.net","crystal":0},{"id":"6285607122472@s.whatsapp.net","crystal":0},{"id":"6285732483017@s.whatsapp.net","crystal":0},{"id":"6285645877407@s.whatsapp.net","crystal":0},{"id":"6281367195659@s.whatsapp.net","crystal":0},{"id":"6289527586486@s.whatsapp.net","crystal":0},{"id":"6288232916849@s.whatsapp.net","crystal":0},{"id":"6281944488540@s.whatsapp.net","crystal":0},{"id":"6285781205647@s.whatsapp.net","crystal":0},{"id":"6285852512536@s.whatsapp.net","crystal":0},{"id":"6281317217274@s.whatsapp.net","crystal":0},{"id":"6289636743533@s.whatsapp.net","crystal":0},{"id":"6285735864425@s.whatsapp.net","crystal":0},{"id":"6285858155832@s.whatsapp.net","crystal":0},{"id":"6289520540498@s.whatsapp.net","crystal":0},{"id":"62895415397250@s.whatsapp.net","crystal":0},{"id":"6285234995675@s.whatsapp.net","crystal":0},{"id":"6285725769012@s.whatsapp.net","crystal":0},{"id":"6287708357324@s.whatsapp.net","crystal":0},{"id":"6289501060783@s.whatsapp.net","crystal":0},{"id":"6283110928302@s.whatsapp.net","crystal":0},{"id":"6285883359262@s.whatsapp.net","crystal":0},{"id":"6285173222764@s.whatsapp.net","crystal":0},{"id":"628983583288@s.whatsapp.net","crystal":0},{"id":"6281539336834@s.whatsapp.net","crystal":0},{"id":"628885960825@s.whatsapp.net","crystal":0},{"id":"6283102650464@s.whatsapp.net","crystal":0},{"id":"6282138188516@s.whatsapp.net","crystal":0},{"id":"6287721317870@s.whatsapp.net","crystal":0},{"id":"62881026434930@s.whatsapp.net","crystal":0},{"id":"6287806923281@s.whatsapp.net","crystal":0},{"id":"6281249578370@s.whatsapp.net","crystal":0},{"id":"62895604670507@s.whatsapp.net","crystal":0},{"id":"6281779111968@s.whatsapp.net","crystal":0},{"id":"6282217590187@s.whatsapp.net","crystal":0},{"id":"6282172042404@s.whatsapp.net","crystal":0},{"id":"6287837703726@s.whatsapp.net","crystal":0},{"id":"62895343303817@s.whatsapp.net","crystal":0},{"id":"6289515200859@s.whatsapp.net","crystal":0},{"id":"6289504585790@s.whatsapp.net","crystal":0},{"id":"6285730794089@s.whatsapp.net","crystal":0},{"id":"6282244680407@s.whatsapp.net","crystal":0},{"id":"6282330165493@s.whatsapp.net","crystal":0},{"id":"6282199953460@s.whatsapp.net","crystal":0},{"id":"6285649455626@s.whatsapp.net","crystal":0},{"id":"6288989325412@s.whatsapp.net","crystal":0},{"id":"6289510343097@s.whatsapp.net","crystal":0},{"id":"6287755080455@s.whatsapp.net","crystal":0},{"id":"85298622513@s.whatsapp.net","crystal":0},{"id":"6289636342191@s.whatsapp.net","crystal":0},{"id":"6285871329535@s.whatsapp.net","crystal":0},{"id":"628988095804@s.whatsapp.net","crystal":0},{"id":"6285609898113@s.whatsapp.net","crystal":0},{"id":"6287798426632@s.whatsapp.net","crystal":0},{"id":"6281290317038@s.whatsapp.net","crystal":0},{"id":"6285738639969@s.whatsapp.net","crystal":0},{"id":"6285798048936@s.whatsapp.net","crystal":0},{"id":"628127668234@s.whatsapp.net","crystal":0}]